snapshot_name,optimizer_step,state_id,disclosure_level,activation_level,trust_level,sampling_probability_mean,probability_ratio_to_uniform,visit_groups_sum,hierarchical_pass_rate_mean,boundary_value_mean,uncertainty_bonus_mean,allocation_score_mean
warmup_end,60,0,delayed,moderate,trust_1,0.041666666666666664,1.0,45,0.29835126989564237,0.5967025397912847,1.0785915700101432,0.7584912752928061
warmup_end,60,1,delayed,moderate,trust_2,0.041666666666666664,1.0,34,0.22627738595438174,0.4525547719087635,1.1609544037141888,0.6266979324658918
warmup_end,60,2,delayed,moderate,trust_3,0.041666666666666664,1.0,33,0.41248608312185897,0.822131257152809,1.2069215811961382,1.0031694943322296
warmup_end,60,3,delayed,moderate,trust_4,0.041666666666666664,1.0,44,0.31342517100147915,0.6268503420029583,1.060626751919764,0.7859443547909228
warmup_end,60,4,delayed,high,trust_1,0.041666666666666664,1.0,39,0.17942671381404343,0.35885342762808686,1.174063096869164,0.5349628921584615
warmup_end,60,5,delayed,high,trust_2,0.041666666666666664,1.0,40,0.2232736181709224,0.4465472363418448,1.1487123332245368,0.6188540863255253
warmup_end,60,6,delayed,high,trust_3,0.041666666666666664,1.0,38,0.31196207762819606,0.6239241552563921,1.1405449048923408,0.7950058909902432
warmup_end,60,7,delayed,high,trust_4,0.041666666666666664,1.0,38,0.1831657746252367,0.3663315492504734,1.1301073425969854,0.5358476506400213
warmup_end,60,8,conditional,moderate,trust_1,0.041666666666666664,1.0,57,0.2653273082687963,0.5306546165375926,0.9968522545327387,0.6801824547175034
warmup_end,60,9,conditional,moderate,trust_2,0.041666666666666664,1.0,35,0.38567621450956896,0.7594476671143761,1.2010260976756928,0.9396015817657299
warmup_end,60,10,conditional,moderate,trust_3,0.041666666666666664,1.0,39,0.27914986510942863,0.5582997302188573,1.132760554673695,0.7282138134199115
warmup_end,60,11,conditional,moderate,trust_4,0.041666666666666664,1.0,42,0.29628297428602307,0.5925659485720461,1.0925820760345333,0.7564532599772261
warmup_end,60,12,conditional,high,trust_1,0.041666666666666664,1.0,38,0.32940754092294056,0.6588150818458811,1.1781004782683355,0.8355301535861315
warmup_end,60,13,conditional,high,trust_2,0.041666666666666664,1.0,38,0.31660829654050127,0.6332165930810026,1.1847728008291292,0.810932513205372
warmup_end,60,14,conditional,high,trust_3,0.041666666666666664,1.0,47,0.3181196179639724,0.6362392359279448,1.0116742011514337,0.7879903661006599
warmup_end,60,15,conditional,high,trust_4,0.041666666666666664,1.0,47,0.3148465537560292,0.6296931075120584,1.0149701901117765,0.781938636028825
warmup_end,60,16,proactive,moderate,trust_1,0.041666666666666664,1.0,57,0.2534076028332659,0.5068152056665319,0.9546046622755778,0.6500059050078686
warmup_end,60,17,proactive,moderate,trust_2,0.041666666666666664,1.0,42,0.2607487832214067,0.5214975664428134,1.078990561539188,0.6833461506736916
warmup_end,60,18,proactive,moderate,trust_3,0.041666666666666664,1.0,29,0.2963638592410144,0.5927277184820288,1.2687520253930114,0.7830405222909805
warmup_end,60,19,proactive,moderate,trust_4,0.041666666666666664,1.0,29,0.2888212481962482,0.5776424963924964,1.3638125248245323,0.7822143751161762
warmup_end,60,20,proactive,high,trust_1,0.041666666666666664,1.0,26,0.4084266408081063,0.8006559372938683,1.4524486895603266,1.0185232407279172
warmup_end,60,21,proactive,high,trust_2,0.041666666666666664,1.0,39,0.40536610626268843,0.7678029195960839,1.1220947280934235,0.9361171288100973
warmup_end,60,22,proactive,high,trust_3,0.041666666666666664,1.0,41,0.3481415535844617,0.6962831071689234,1.1635333411211972,0.870813108337103
warmup_end,60,23,proactive,high,trust_4,0.041666666666666664,1.0,40,0.32296209560377426,0.6459241912075485,1.1443932881322962,0.8175831844273929
adaptive_middle,95,0,delayed,moderate,trust_1,0.040107880899424395,0.9625891415861855,67,0.3167399498599989,0.6334798997199979,0.9273635585620801,0.7725844335043098
adaptive_middle,95,1,delayed,moderate,trust_2,0.03900005890948441,0.9360014138276258,53,0.30310075450084817,0.6062015090016963,1.005942434620862,0.7570928741948255
adaptive_middle,95,2,delayed,moderate,trust_3,0.0464433829471039,1.1146411907304936,65,0.4062889729244023,0.7728843061551649,0.9270114697640397,0.9119360266197708
adaptive_middle,95,3,delayed,moderate,trust_4,0.0436860265942954,1.0484646382630898,62,0.35478704822861856,0.7095740964572371,0.9443706293299594,0.8512296908567311
adaptive_middle,95,4,delayed,high,trust_1,0.034532798940340156,0.8287871745681638,58,0.25316433622732876,0.5063286724546575,0.996478622913811,0.6558004658917291
adaptive_middle,95,5,delayed,high,trust_2,0.033070339997991444,0.7936881599517946,51,0.23302270845629222,0.46604541691258444,1.0265578803106117,0.6200290989591761
adaptive_middle,95,6,delayed,high,trust_3,0.04315067678978979,1.035616242954955,52,0.3449087605676325,0.689817521135265,1.0227494950619473,0.843229945394557
adaptive_middle,95,7,delayed,high,trust_4,0.028799081003443843,0.6911779440826523,51,0.18801063417791358,0.37602126835582717,1.0200173355349513,0.5290238686860699
adaptive_middle,95,8,conditional,moderate,trust_1,0.03849161151882715,0.9237986764518517,82,0.30425051496729455,0.6085010299345891,0.8434009481106366,0.7350111721511845
adaptive_middle,95,9,conditional,moderate,trust_2,0.04481063113917842,1.0754551473402822,62,0.36413573122265536,0.7282714624453107,0.9400587935084141,0.8692802814715728
adaptive_middle,95,10,conditional,moderate,trust_3,0.04325222251656258,1.0380533403975019,60,0.3507114187851157,0.7014228375702314,0.965068137477384,0.8461830581918389
adaptive_middle,95,11,conditional,moderate,trust_4,0.042739694567346026,1.0257526696163046,71,0.3503793704156917,0.7007587408313835,0.8836958531809441,0.833313118808525
adaptive_middle,95,12,conditional,high,trust_1,0.04159539519528065,0.9982894846867357,61,0.3376444780082524,0.6581186263461751,0.9607307640786114,0.8022282409579669
adaptive_middle,95,13,conditional,high,trust_2,0.04550907064876153,1.0922176955702767,65,0.37330999167294837,0.7466199833458969,0.9429001321442094,0.8880550031675282
adaptive_middle,95,14,conditional,high,trust_3,0.043926574820005726,1.0542377956801374,72,0.37054986423797515,0.7340180420464377,0.8808981482668621,0.866152764286467
adaptive_middle,95,15,conditional,high,trust_4,0.04391012584204007,1.0538430202089617,75,0.3714398527996546,0.7306248036385248,0.8617931885424631,0.8598937819198943
adaptive_middle,95,16,proactive,moderate,trust_1,0.03658517798962143,0.8780442717509144,70,0.2819188808952453,0.5638377617904906,0.8922510544410974,0.6976754199566553
adaptive_middle,95,17,proactive,moderate,trust_2,0.04043659256510736,0.9704782215625766,62,0.3211219652026359,0.6422439304052718,0.9347191579543017,0.7824518040984171
adaptive_middle,95,18,proactive,moderate,trust_3,0.044934974687442425,1.0784393924986182,58,0.36544118030833234,0.7308823606166646,1.0095072346286658,0.8823084458109645
adaptive_middle,95,19,proactive,moderate,trust_4,0.049398542574152667,1.185565021779664,52,0.4089963668097552,0.8179927336195104,1.0064674396134567,0.968962849561529
adaptive_middle,95,20,proactive,high,trust_1,0.0481578238736844,1.1557877729684256,68,0.43630191445752337,0.8153075050203622,0.909403086464591,0.9517179679900508
adaptive_middle,95,21,proactive,high,trust_2,0.04336489126103515,1.0407573902648437,69,0.37578364752695553,0.6976457264264601,0.9262880297169419,0.8365889308840013
adaptive_middle,95,22,proactive,high,trust_3,0.04225199842464258,1.014047962191422,61,0.34082056071537187,0.6816411214307438,0.9410212581727966,0.8227943101566633
adaptive_middle,95,23,proactive,high,trust_4,0.04184442629443852,1.0042662310665245,67,0.33926027651530827,0.6785205530306165,0.9012361404785567,0.8137059741024001
adaptive_final,131,0,delayed,moderate,trust_1,0.04159307185650307,0.9982337245560737,93,0.34884902846480254,0.6976980569296051,0.8017237648737431,0.8179566216606665
adaptive_final,131,1,delayed,moderate,trust_2,0.035904716667889476,0.8617132000293475,77,0.28467899148549836,0.5693579829709967,0.8810806787665892,0.701520084785985
adaptive_final,131,2,delayed,moderate,trust_3,0.04469856012542233,1.072765443010136,96,0.4090002703289895,0.7669859948861866,0.7754859551887089,0.8833088881644929
adaptive_final,131,3,delayed,moderate,trust_4,0.03988939101319874,0.9573453843167697,84,0.32827992075644336,0.6565598415128866,0.8355079723640695,0.7818860373674971
adaptive_final,131,4,delayed,high,trust_1,0.038078701921520616,0.9138888461164948,77,0.3054851149497178,0.6109702298994356,0.8817573740268322,0.7432338360034605
adaptive_final,131,5,delayed,high,trust_2,0.03487082002610107,0.8368996806264257,70,0.26935011649030316,0.5387002329806063,0.8974840685610855,0.6733228432647692
adaptive_final,131,6,delayed,high,trust_3,0.04488731163026298,1.0772954791263116,73,0.37671809896587516,0.7534361979317503,0.9052197451357141,0.8892191597021075
adaptive_final,131,7,delayed,high,trust_4,0.03237298736362321,0.776951696726957,73,0.24336203580539348,0.48672407161078696,0.8857146409458773,0.6195812677526685
adaptive_final,131,8,conditional,moderate,trust_1,0.039608414986102715,0.9506019596664652,107,0.3270754779694737,0.6541509559389475,0.7571890024221495,0.7677293063022699
adaptive_final,131,9,conditional,moderate,trust_2,0.043740430435521324,1.049770330452512,82,0.38658133722314586,0.7264960077796251,0.8376013501552066,0.8521362103029061
adaptive_final,131,10,conditional,moderate,trust_3,0.04355392682608608,1.045294243826066,87,0.37014879342841955,0.7402975868568391,0.8217218882582839,0.8635558700955817
adaptive_final,131,11,conditional,moderate,trust_4,0.04275227636591737,1.026054632782017,92,0.3626187803521918,0.7252375607043836,0.7990625388853962,0.8450969415371932
adaptive_final,131,12,conditional,high,trust_1,0.0407304232486727,0.9775301579681449,82,0.3335879877264807,0.6671759754529614,0.8632132060311463,0.7966579563576333
adaptive_final,131,13,conditional,high,trust_2,0.046370990926506726,1.1129037822361616,85,0.39703987417177994,0.7940797483435599,0.8399498957492647,0.9200722327059496
adaptive_final,131,14,conditional,high,trust_3,0.043939099712090215,1.0545383930901653,92,0.383234691191417,0.7592019405223689,0.798498514802891,0.8789767177428025
adaptive_final,131,15,conditional,high,trust_4,0.04437662587582955,1.0650390210199092,92,0.388732707104873,0.7625844618287937,0.796844530907221,0.8821111414648768
adaptive_final,131,16,proactive,moderate,trust_1,0.03663168219358438,0.8791603726460252,85,0.29249360574055017,0.5849872114811003,0.8336988419061024,0.7100420377670157
adaptive_final,131,17,proactive,moderate,trust_2,0.04139816441441602,0.9935559459459844,85,0.35922037611316787,0.6921103752862027,0.8273849135602521,0.8162181123202406
adaptive_final,131,18,proactive,moderate,trust_3,0.04628261573865549,1.110782777727732,78,0.39665295447849547,0.7933059089569909,0.8753499649494447,0.9246084036994077
adaptive_final,131,19,proactive,moderate,trust_4,0.04439216651820908,1.065411996437018,75,0.3729966819748993,0.7459933639497986,0.8647664770283523,0.8757083355040515
adaptive_final,131,20,proactive,high,trust_1,0.04608410776565286,1.1060185863756686,101,0.4738107140869078,0.8000062262643444,0.7726918843922892,0.9159100089231877
adaptive_final,131,21,proactive,high,trust_2,0.04275336083206413,1.0260806599695391,91,0.39254671978373634,0.7104597399337731,0.8078992373173165,0.8316446255313705
adaptive_final,131,22,proactive,high,trust_3,0.04512623504707347,1.0830296411297633,82,0.38162931600020417,0.7632586320004083,0.8430238048768539,0.8897122027319364
adaptive_final,131,23,proactive,high,trust_4,0.03996391850909642,0.959134044218314,87,0.3306276466993528,0.6612552933987056,0.8166038836698557,0.783745875949184
